<?xml version="1.0" encoding="UTF-8"?>
<server rootURL="http://192.168.80.10:8111" uuid="3ecf2beb-94ba-48ae-881e-6898a51097f0">
  <version number="709" />
  <artifacts maxArtifactSize="300000000" />
  <build-settings executionTimeout="0" />
  <db-compact enabled="true">
    <scheduler hour="3" minute="0" />
  </db-compact>
  <comment-transformation>
    <transformation-pattern search="((https?://|ftp://|file://|mailto:)[\w`~@#$%^&amp;*-=|\/{}()\[\];:&quot;'&lt;&gt;?\.]+(?&lt;=[^\.,;&quot;'`\)\]}]))" replace="&lt;a target=&quot;_blank&quot; title=&quot;Click to open this link in a new window&quot; href=&quot;$1&quot;&gt;$1&lt;/a&gt;" description="Links transformation (default)" />
    <transformation-pattern search="(&#xD;?&#xA;|&#xD;)" replace="&lt;br&gt;" description="Line feed transformation (default)" />
  </comment-transformation>
  <vcs-settings modification-check-interval="60" quiet-period="60" />
</server>

